date,Nifty50,Nifty100,NiftyMidcap150,BSESmallCap,CRISILLiquid,CRISILGilt
03-01-2022,17805.56,18434.71,9281.07,25544.53,4197.63,157.24
04-01-2022,17598.44,18692.22,9391.96,25241.85,4194.03,155.45
05-01-2022,17666.82,19002.8,9449.2,25287.2,4251.91,155.23
06-01-2022,17882.34,18720.41,9512.9,25428.93,4222.91,154.02
07-01-2022,17644.4,18601.72,9647.51,25485.08,4212.11,152.37
10-01-2022,17817.76,18804.32,9722.19,25191.97,4217.92,152.97
11-01-2022,17856.9,18426.77,9765.64,24682.14,4295.25,151.26
12-01-2022,18131.18,18400.37,9766.61,24719.54,4292.1,148.0
13-01-2022,18076.6,18317.94,9598.32,24538.08,4291.8,146.34
14-01-2022,18058.92,18301.21,9576.54,24370.35,4286.35,146.17
17-01-2022,17807.42,18330.54,9694.18,24171.49,4310.8,144.79
18-01-2022,17802.66,18192.73,9566.23,24100.4,4318.69,144.98
19-01-2022,17656.12,18048.5,9628.32,23872.31,4328.27,143.19
20-01-2022,17544.11,17627.59,9648.67,23796.88,4302.58,144.83
21-01-2022,17392.68,17767.37,9672.0,24142.53,4370.62,143.85
24-01-2022,17513.42,18184.47,9722.66,24056.49,4300.33,140.94
25-01-2022,17240.19,18619.74,9721.94,24108.9,4273.57,141.67
26-01-2022,17220.85,18404.31,9544.05,23588.1,4250.89,141.05
27-01-2022,17320.12,18666.74,9450.58,23455.78,4329.33,143.04
28-01-2022,16997.91,18971.94,9373.53,23360.62,4355.33,142.21
31-01-2022,16873.09,18845.46,9482.04,23186.52,4339.04,142.17
01-02-2022,16576.86,18873.28,9582.12,23170.62,4315.87,140.69
02-02-2022,16494.25,18822.73,9449.28,22914.14,4280.93,138.77
03-02-2022,16507.48,18923.48,9393.79,22811.94,4313.14,138.53
04-02-2022,16637.87,18626.42,9398.25,23017.74,4426.32,140.48
07-02-2022,16543.99,18330.26,9372.53,23279.18,4385.56,140.25
08-02-2022,16411.82,18324.48,9398.51,23471.7,4344.75,141.41
09-02-2022,16445.43,18123.9,9424.68,23491.77,4381.71,140.39
10-02-2022,16324.72,17885.24,9239.69,23439.3,4373.37,137.98
11-02-2022,16421.74,18006.96,9071.78,23319.43,4397.12,138.48
14-02-2022,16290.68,18237.5,8917.14,23184.1,4442.04,138.69
15-02-2022,16218.92,18606.94,8878.46,22805.65,4386.26,140.87
16-02-2022,15967.28,18837.18,8848.02,23260.65,4414.41,140.99
17-02-2022,15682.04,18727.86,8939.31,23724.3,4345.77,139.88
18-02-2022,15492.53,18753.25,9005.08,23625.29,4338.61,141.05
21-02-2022,15570.48,18507.14,8906.08,23828.47,4347.49,141.92
22-02-2022,15297.66,18689.89,8855.34,23954.39,4345.19,143.38
23-02-2022,15368.24,18616.9,8794.89,23965.7,4324.08,145.9
24-02-2022,15202.57,18639.79,8722.84,24303.42,4364.26,143.35
25-02-2022,15228.35,18670.78,8688.51,24345.89,4390.67,143.96
28-02-2022,14963.74,18263.85,8395.79,24263.72,4355.55,144.06
01-03-2022,14864.6,18201.84,8389.12,23731.05,4390.76,143.78
02-03-2022,14659.08,18145.17,8281.92,23851.7,4409.87,143.62
03-03-2022,14639.15,18343.48,8349.96,23438.96,4380.72,144.55
04-03-2022,14789.18,18749.45,8410.23,23004.94,4367.27,145.74
07-03-2022,14523.34,18813.56,8356.07,23124.24,4403.55,144.2
08-03-2022,14772.79,18450.57,8405.49,23416.69,4414.73,143.09
09-03-2022,14745.37,18214.7,8345.76,23381.15,4422.49,142.88
10-03-2022,14810.74,18234.09,8313.8,23594.05,4416.09,141.13
11-03-2022,14827.76,17906.97,8205.37,23842.63,4513.78,142.27
14-03-2022,14936.17,17948.25,8098.78,24136.41,4514.33,141.02
15-03-2022,15171.75,18328.1,7929.93,24353.08,4521.47,141.75
16-03-2022,15416.78,18417.93,7926.53,24123.89,4523.11,142.49
17-03-2022,15105.48,18301.38,7931.55,24018.78,4598.38,140.45
18-03-2022,14807.43,18677.51,7924.41,23808.05,4650.2,140.0
21-03-2022,14796.7,18686.22,8012.62,23845.11,4702.1,141.17
22-03-2022,14636.26,18745.74,7952.41,24031.0,4693.8,141.1
23-03-2022,14412.56,18664.74,7826.83,23775.34,4675.88,142.26
24-03-2022,14169.53,18373.44,7895.85,23834.38,4721.21,143.0
25-03-2022,14234.35,18310.8,7814.85,24092.78,4737.49,144.1
28-03-2022,14504.44,18264.92,7856.91,24195.04,4769.93,145.36
29-03-2022,14310.24,18270.63,7807.21,24019.91,4816.94,146.61
30-03-2022,14211.65,18249.45,7917.18,24013.68,4834.62,147.88
31-03-2022,14315.44,18111.23,8114.81,24230.48,4863.92,149.47
01-04-2022,14377.41,18106.87,8057.87,23949.93,4810.11,150.61
04-04-2022,14601.04,17943.33,8024.56,23920.1,4884.37,151.17
05-04-2022,14709.04,18201.93,7971.38,24078.85,4905.92,151.66
06-04-2022,14645.38,18397.33,7976.11,24196.85,4969.27,148.95
07-04-2022,14517.95,18303.31,7952.53,24123.82,4990.73,148.6
08-04-2022,14528.13,18627.93,7945.79,23877.32,5026.24,149.0
11-04-2022,14971.51,18542.32,7996.91,23908.92,5072.93,148.47
12-04-2022,15217.24,18465.57,8225.45,23709.5,5030.58,145.92
13-04-2022,15590.47,18581.5,8317.38,23620.48,5013.24,148.54
14-04-2022,15701.74,19048.64,8526.95,23712.48,5072.73,145.8
15-04-2022,15778.67,18964.63,8541.07,23725.51,5074.21,148.3
18-04-2022,15815.6,18773.78,8561.63,23662.35,5134.13,147.6
19-04-2022,15941.25,18849.72,8608.8,23411.62,5117.27,148.4
20-04-2022,15835.39,19032.84,8618.15,23738.37,5060.77,150.63
21-04-2022,15827.62,19055.81,8617.62,23900.64,4966.56,150.36
22-04-2022,15584.89,19029.48,8619.31,24102.45,5035.85,150.01
25-04-2022,15319.26,19029.8,8468.45,23648.35,5004.89,147.53
26-04-2022,15150.77,19136.94,8414.15,23858.46,5046.16,147.86
27-04-2022,15087.18,19206.98,8569.62,23963.51,5043.64,147.83
28-04-2022,15109.88,19235.13,8604.19,23596.23,5109.66,147.82
29-04-2022,15290.42,18785.26,8448.98,23880.68,5111.53,147.1
02-05-2022,15207.63,18791.54,8647.33,23212.97,5055.95,145.62
03-05-2022,15402.54,19058.01,8634.86,23406.18,5029.64,147.55
04-05-2022,15473.1,19013.33,8428.76,23331.18,5013.01,147.55
05-05-2022,15493.76,18946.65,8392.63,23557.48,4934.72,146.24
06-05-2022,15430.69,18779.59,8432.2,23349.11,4912.36,147.51
09-05-2022,15558.09,18755.78,8429.07,23200.39,4960.57,147.59
10-05-2022,15663.04,18783.33,8426.71,22744.25,4905.72,147.15
11-05-2022,15391.74,18639.49,8446.86,22426.76,4948.88,149.85
12-05-2022,15415.37,18561.98,8514.72,22571.52,4921.49,149.09
13-05-2022,15350.49,18748.85,8438.71,22677.47,4924.51,149.86
16-05-2022,15271.05,18680.54,8497.39,22377.23,4880.34,145.93
17-05-2022,15498.77,18664.67,8484.33,22550.85,4864.66,144.88
18-05-2022,15496.92,18840.71,8482.49,22583.96,4838.41,144.76
19-05-2022,15681.76,18664.06,8440.91,22966.49,4846.5,142.65
20-05-2022,16021.8,18483.01,8216.81,22833.49,4795.85,143.74
23-05-2022,16251.63,18479.7,8256.57,22865.63,4859.83,143.38
24-05-2022,16002.62,18454.83,8027.16,22709.51,4825.04,141.61
25-05-2022,16173.64,18405.67,8068.92,22669.87,4836.72,140.23
26-05-2022,16170.96,18695.15,7970.96,23100.63,4903.82,139.88
27-05-2022,16279.81,18765.28,7880.92,23171.77,4902.16,139.11
30-05-2022,16417.65,18632.77,7837.98,22873.11,4882.5,141.36
31-05-2022,16300.66,18806.64,7827.1,22907.14,4798.74,142.71
01-06-2022,16220.87,18837.69,7858.43,23062.86,4781.39,139.75
02-06-2022,16455.95,19129.61,7782.61,23166.57,4773.97,141.82
03-06-2022,16416.64,18989.57,7699.4,23198.14,4774.07,144.73
06-06-2022,16138.67,18805.26,7608.84,22842.5,4725.7,146.09
07-06-2022,15691.97,18794.62,7733.75,22829.86,4695.04,145.75
08-06-2022,15643.29,18936.53,7697.27,22663.15,4669.11,149.46
09-06-2022,15686.48,19282.27,7843.09,22704.94,4685.11,149.57
10-06-2022,15840.84,19407.56,7888.34,22693.93,4592.83,148.63
13-06-2022,15821.65,19528.88,7959.41,22238.74,4574.59,150.03
14-06-2022,15773.32,19603.42,7947.61,21965.65,4571.3,147.51
15-06-2022,15986.17,19566.26,7982.51,21592.75,4552.18,146.66
16-06-2022,15930.55,19440.58,8048.37,21611.24,4558.58,146.69
17-06-2022,16179.0,19114.82,8059.41,21714.49,4584.76,143.29
20-06-2022,16031.64,19143.03,8117.45,21190.78,4559.55,144.51
21-06-2022,16190.23,19294.48,8142.04,21365.74,4604.58,146.09
22-06-2022,16451.27,19322.75,8251.81,21333.69,4603.26,148.63
23-06-2022,16825.67,19374.11,8308.95,20929.44,4591.42,149.63
24-06-2022,16811.18,19392.47,8324.95,21123.02,4521.23,152.22
27-06-2022,16982.23,19449.31,8328.6,20874.98,4525.91,150.1
28-06-2022,17243.83,19622.74,8363.96,20626.63,4469.04,148.5
29-06-2022,17216.06,19906.71,8428.39,20753.1,4460.06,148.36
30-06-2022,17317.47,19920.39,8449.44,20469.29,4540.26,146.52
01-07-2022,17366.56,19922.48,8511.7,20623.41,4600.79,145.63
04-07-2022,17574.29,19944.86,8572.04,20860.17,4622.56,143.49
05-07-2022,17628.13,20120.44,8586.64,21133.07,4637.42,145.19
06-07-2022,17619.45,20366.3,8552.32,21177.06,4588.31,144.98
07-07-2022,17668.37,20061.53,8676.21,21226.42,4621.51,144.98
08-07-2022,17587.36,19665.55,8739.57,21486.8,4626.79,143.2
11-07-2022,17790.38,19908.25,8770.54,21630.12,4695.45,144.18
12-07-2022,17943.41,20236.2,8808.96,21402.52,4825.55,146.09
13-07-2022,18158.94,20161.6,8831.46,21112.21,4810.46,145.71
14-07-2022,18089.78,19874.74,8716.26,21263.25,4830.18,147.59
15-07-2022,17940.36,19975.14,8714.46,21278.82,4798.04,144.96
18-07-2022,17971.15,19806.55,8641.77,21206.44,4829.76,142.62
19-07-2022,17948.91,19511.55,8724.32,21546.57,4868.87,144.18
20-07-2022,18442.8,19100.33,8747.51,21529.35,4891.45,143.46
21-07-2022,18502.2,19232.93,8796.48,21212.88,4937.01,142.6
22-07-2022,18418.5,19131.09,8854.25,20896.94,5000.16,145.81
25-07-2022,18404.27,18917.84,8706.08,20876.24,4977.61,147.07
26-07-2022,18609.67,18664.73,8690.91,20716.04,4992.68,143.5
27-07-2022,18344.64,18576.38,8749.92,20583.81,5043.67,141.86
28-07-2022,18320.82,18443.86,8851.02,20901.62,5089.36,143.86
29-07-2022,18304.06,18285.09,8814.58,20663.81,5110.2,143.26
01-08-2022,18129.05,18298.93,8637.44,20724.19,5025.56,143.33
02-08-2022,18175.92,18106.79,8609.41,20757.47,4973.49,144.25
03-08-2022,18483.87,18104.59,8701.13,20821.63,4963.14,144.34
04-08-2022,18450.59,18160.63,8726.45,21057.61,4937.77,143.61
05-08-2022,18639.22,18176.79,8719.36,20559.95,5017.34,142.91
08-08-2022,18700.55,18089.37,8783.86,20758.84,4970.0,145.24
09-08-2022,18431.61,18081.72,8699.56,20904.95,5051.81,145.85
10-08-2022,18331.36,17943.42,8875.15,20742.63,5004.78,145.13
11-08-2022,18251.17,17826.07,8805.77,20711.3,5013.52,145.41
12-08-2022,17918.36,17688.91,8779.84,20710.27,5023.93,143.71
15-08-2022,17902.75,18020.61,8732.48,20393.47,5085.05,143.69
16-08-2022,17806.87,18295.23,8457.89,20296.64,4999.35,145.99
17-08-2022,17702.9,18034.94,8318.43,20534.31,5101.72,145.75
18-08-2022,17716.11,17934.46,8399.4,20396.99,5055.56,145.07
19-08-2022,17840.63,18069.61,8290.57,20374.39,4926.3,143.38
22-08-2022,17779.99,17899.53,8295.14,20660.28,4942.75,145.8
23-08-2022,17705.12,17859.24,8360.0,20954.98,4972.28,147.23
24-08-2022,17683.57,17654.33,8429.37,20878.9,4972.54,144.68
25-08-2022,18069.27,17807.4,8551.56,21160.6,4979.03,141.52
26-08-2022,18084.7,17690.54,8674.11,21316.53,4998.51,140.12
29-08-2022,17922.68,17400.19,8583.6,21309.78,4957.8,140.6
30-08-2022,18059.46,17473.4,8755.47,21263.34,5021.59,142.49
31-08-2022,17809.83,17559.16,8906.99,21176.34,4973.97,143.13
01-09-2022,17855.37,18008.82,9014.11,21318.34,4930.52,140.73
02-09-2022,18106.89,18098.71,9010.58,21331.46,4965.58,139.81
05-09-2022,17651.52,17975.94,9002.6,21092.73,4966.11,143.04
06-09-2022,17646.13,17706.98,9022.85,21146.9,4965.8,141.12
07-09-2022,17782.1,18132.51,9141.72,21390.8,4895.97,140.42
08-09-2022,17619.84,18114.62,9220.11,21556.38,4904.43,138.98
09-09-2022,17778.19,18219.38,8929.82,21644.41,4845.34,138.62
12-09-2022,17601.39,18256.26,8962.96,21734.28,4855.78,138.98
13-09-2022,17517.89,18292.46,9034.08,21746.7,4859.02,137.68
14-09-2022,17625.92,18498.05,9117.51,21704.22,4914.28,137.85
15-09-2022,17357.4,18678.61,9028.92,21563.42,4915.23,138.47
16-09-2022,17499.21,18365.92,9074.57,21240.93,4924.17,138.47
19-09-2022,17133.16,18775.75,8896.51,21281.94,4911.57,138.17
20-09-2022,16831.92,18883.39,9110.24,21269.72,4926.83,138.12
21-09-2022,16994.01,19074.09,8990.92,21066.69,4888.87,138.33
22-09-2022,17166.05,18613.08,9034.7,21402.84,4874.14,138.28
23-09-2022,17341.94,18763.21,9007.1,21499.08,4722.33,138.87
26-09-2022,17352.42,19073.8,9158.99,21471.96,4787.87,137.89
27-09-2022,17361.43,19326.45,9182.95,21623.12,4790.52,137.06
28-09-2022,17333.43,19234.12,9141.64,21921.24,4753.03,135.42
29-09-2022,17673.58,19219.8,9256.09,22252.43,4764.34,136.75
30-09-2022,17598.66,19019.14,9287.52,22713.92,4685.17,137.72
03-10-2022,17532.77,18689.28,9284.93,22613.44,4653.6,137.76
04-10-2022,17535.17,18273.34,9453.55,22965.43,4730.24,137.85
05-10-2022,17568.65,18505.33,9623.41,23289.17,4735.29,138.25
06-10-2022,17758.2,18446.58,9663.66,23024.2,4660.97,137.67
07-10-2022,17691.61,18375.85,9669.13,23163.22,4659.53,138.42
10-10-2022,17718.96,18502.59,9579.97,23397.49,4686.06,137.35
11-10-2022,17750.25,18370.05,9717.33,22996.17,4657.71,138.51
12-10-2022,17847.85,18577.22,9593.72,22774.81,4708.84,139.88
13-10-2022,17706.67,18964.63,9603.11,22702.3,4645.58,140.78
14-10-2022,17782.54,18912.88,9557.86,22583.33,4577.63,142.28
17-10-2022,18020.33,18441.77,9550.91,22639.48,4613.47,141.7
18-10-2022,17995.75,18495.61,9568.88,22826.99,4561.05,139.96
19-10-2022,17931.23,18222.25,9817.86,22615.48,4606.52,142.16
20-10-2022,17984.88,18087.63,9837.27,22313.44,4541.38,145.06
21-10-2022,17695.89,17766.78,9910.3,22186.18,4601.07,140.02
24-10-2022,17684.79,17534.53,9715.34,21870.12,4530.12,139.61
25-10-2022,17589.07,17640.86,9528.62,21974.38,4575.9,141.22
26-10-2022,17714.75,17709.32,9468.53,22227.21,4623.33,140.87
27-10-2022,17505.69,17539.66,9332.48,22044.98,4657.28,142.31
28-10-2022,17421.5,17460.76,9272.05,21823.72,4610.68,144.44
31-10-2022,17335.09,17452.54,9022.02,21629.48,4565.78,145.4
01-11-2022,17509.19,17631.55,8890.45,21918.43,4540.15,143.98
02-11-2022,17572.54,17877.08,8919.93,21604.23,4571.57,146.0
03-11-2022,17357.33,17895.59,8899.81,21642.96,4514.83,144.46
04-11-2022,17460.35,18032.71,8951.35,21866.51,4488.36,147.02
07-11-2022,17254.24,18168.07,8998.27,21882.47,4541.0,148.83
08-11-2022,17366.09,18090.17,9180.49,21767.21,4547.35,150.41
09-11-2022,17284.85,18081.77,9005.81,21903.86,4614.01,151.2
10-11-2022,17264.17,18183.28,9146.55,21971.67,4687.86,151.72
11-11-2022,17250.32,18336.16,9197.92,21926.09,4728.1,151.97
14-11-2022,17336.9,18139.87,9258.61,22108.58,4766.01,152.97
15-11-2022,17392.15,17887.0,9306.65,22225.28,4780.69,151.06
16-11-2022,17379.9,17822.77,9276.63,22010.53,4845.56,151.65
17-11-2022,17520.36,17834.45,9288.98,21813.73,4838.71,152.14
18-11-2022,17396.0,17990.31,9372.53,21899.74,4761.18,153.26
21-11-2022,17548.37,17690.4,9460.3,21922.41,4800.2,157.97
22-11-2022,17369.19,17671.69,9497.35,21758.44,4905.78,154.99
23-11-2022,17602.12,17579.61,9474.5,21934.95,4950.81,156.84
24-11-2022,17717.53,17644.0,9368.28,22051.8,4893.22,158.89
25-11-2022,17707.05,17694.84,9359.32,21907.34,4960.34,158.38
28-11-2022,17488.16,17476.54,9290.39,21511.16,4976.05,158.58
29-11-2022,17083.47,17588.88,9246.55,21419.61,4891.4,160.96
30-11-2022,17156.18,17608.22,9139.97,21484.65,4944.42,161.9
01-12-2022,17005.92,17817.15,9147.29,21762.09,4839.89,158.49
02-12-2022,16923.93,17762.51,9233.03,21955.77,4920.9,158.5
05-12-2022,16941.3,17683.79,9298.2,22047.92,4903.34,158.84
06-12-2022,16762.61,17447.17,9347.89,22076.05,4868.42,160.21
07-12-2022,16584.75,17497.22,9390.83,22319.23,4884.15,160.95
08-12-2022,17037.82,17660.31,9331.33,22336.49,4930.98,160.12
09-12-2022,17167.46,17345.29,9372.41,22325.79,4911.92,158.21
12-12-2022,17317.89,17466.12,9358.9,22275.78,4913.99,156.52
13-12-2022,17619.61,17514.17,9198.34,22893.21,4919.39,158.09
14-12-2022,17664.86,17560.92,9133.07,23470.23,4895.24,157.24
15-12-2022,17612.85,17534.9,9125.63,23493.72,4862.65,157.85
16-12-2022,17793.69,17349.95,9331.37,23008.88,4859.08,157.22
19-12-2022,17886.02,17344.98,9245.18,23120.3,4894.27,157.42
20-12-2022,17816.03,17667.97,9480.48,22886.06,4971.85,159.34
21-12-2022,18007.36,17372.07,9497.76,23283.34,4911.52,160.21
22-12-2022,17887.1,17653.16,9675.85,23500.56,4914.4,160.11
23-12-2022,17869.69,17628.55,9673.06,23753.57,4883.81,161.75
26-12-2022,18447.88,17694.19,9750.67,23362.87,4908.78,161.47
27-12-2022,18698.09,17996.63,9791.14,23216.54,4877.95,158.7
28-12-2022,18631.82,17909.28,9935.42,23581.18,4985.75,157.67
29-12-2022,18516.98,17746.59,10120.24,23790.52,5078.8,158.51
30-12-2022,18783.83,17709.26,10143.28,23642.86,5087.99,157.55
02-01-2023,18945.07,17733.62,10195.74,23964.36,5097.94,157.29
03-01-2023,18776.93,17662.76,10108.75,24292.89,5108.61,159.26
04-01-2023,18810.06,17840.73,10135.16,24282.69,5170.56,159.09
05-01-2023,18859.33,18061.39,9947.86,24294.96,5275.58,161.74
06-01-2023,19002.56,17958.54,10071.2,24119.01,5310.0,163.34
09-01-2023,19355.93,18099.36,10132.5,24098.85,5267.73,162.03
10-01-2023,19369.21,18306.45,9947.91,24276.95,5346.62,162.02
11-01-2023,18752.56,18229.97,9922.19,24220.31,5274.07,161.55
12-01-2023,19007.39,17872.98,9911.03,24182.71,5295.51,163.19
13-01-2023,19000.48,18182.01,9852.07,24629.04,5288.28,161.54
16-01-2023,18748.66,18316.51,9783.98,24739.82,5331.07,160.14
17-01-2023,18875.74,18084.87,9694.48,24919.62,5370.71,160.22
18-01-2023,18794.62,18109.38,9747.87,24809.47,5331.51,160.22
19-01-2023,19058.94,17954.29,9805.41,25198.19,5309.08,162.75
20-01-2023,18567.21,17803.29,9903.62,24874.85,5357.36,163.45
23-01-2023,18776.83,17563.83,9976.95,24817.82,5416.97,162.45
24-01-2023,18701.66,17755.36,10006.5,24996.51,5442.51,164.4
25-01-2023,18617.74,17611.86,9930.45,24538.24,5452.82,163.83
26-01-2023,18597.21,17310.26,9949.97,24463.8,5503.97,164.08
27-01-2023,18553.28,17413.22,9923.95,24616.16,5542.59,163.71
30-01-2023,18506.81,17669.52,9918.65,24379.75,5561.57,165.62
31-01-2023,18493.55,17577.84,9990.76,24477.52,5546.59,166.36
01-02-2023,18461.91,17986.0,10039.85,24780.29,5538.48,168.54
02-02-2023,18468.1,18103.15,10132.92,24864.98,5514.6,167.66
03-02-2023,18307.05,17684.36,10232.16,24808.38,5565.07,166.25
06-02-2023,18315.63,17694.42,10193.06,25074.84,5619.37,165.93
07-02-2023,18514.18,17880.73,10310.62,25447.47,5667.4,167.71
08-02-2023,18495.07,17850.65,10323.26,25432.09,5695.1,167.94
09-02-2023,18495.63,18183.19,10474.73,25808.95,5651.74,168.27
10-02-2023,18590.17,18250.92,10337.66,25885.29,5621.88,169.36
13-02-2023,18557.42,17988.86,10391.36,25670.36,5705.21,168.12
14-02-2023,18332.69,17994.2,10462.28,25003.79,5772.78,166.46
15-02-2023,18612.47,17792.09,10368.15,24909.4,5875.47,169.95
16-02-2023,18474.33,17561.69,10560.91,24450.13,5826.57,170.58
17-02-2023,18413.58,17396.05,10378.51,24244.01,5847.55,170.83
20-02-2023,18205.9,17468.97,10436.45,23776.98,5827.15,167.61
21-02-2023,18521.36,17588.98,10422.31,23412.28,5780.36,167.36
22-02-2023,18780.0,17683.35,10453.8,23430.19,5812.85,169.9
23-02-2023,18435.75,17765.01,10479.1,23496.47,5855.88,171.18
24-02-2023,18491.22,17734.68,10521.34,23435.53,5877.31,172.27
27-02-2023,18311.35,17899.24,10598.59,23027.67,5770.3,173.79
28-02-2023,18054.11,17788.32,10541.03,23028.74,5811.11,175.86
01-03-2023,17973.69,17939.24,10604.77,23053.37,5836.68,175.51
02-03-2023,17955.36,18041.58,10479.49,22844.03,5866.78,177.13
03-03-2023,18044.33,17982.19,10479.08,22536.5,5887.64,175.76
06-03-2023,17833.01,18242.85,10494.96,22332.81,5845.48,176.07
07-03-2023,17612.16,18483.9,10267.5,22280.41,5846.75,175.56
08-03-2023,17751.74,18556.06,10232.4,22132.92,5811.35,176.59
09-03-2023,17632.17,19015.89,10279.78,22162.78,5807.93,174.81
10-03-2023,17776.4,18798.67,10454.21,22389.05,5848.73,176.27
13-03-2023,17840.6,18831.66,10425.62,22352.67,5816.78,176.66
14-03-2023,18171.82,18932.47,10307.43,22643.67,5752.06,178.93
15-03-2023,18234.0,18987.13,10429.03,22988.44,5737.42,175.77
16-03-2023,18379.18,18805.98,10351.41,23067.64,5714.9,174.62
17-03-2023,18315.51,19037.41,10304.09,23083.54,5786.76,174.28
20-03-2023,18142.69,18991.8,10100.39,23119.97,5767.89,172.41
21-03-2023,18567.15,18805.16,10208.61,23279.85,5746.5,173.36
22-03-2023,18509.6,18733.22,10180.08,23467.34,5765.45,173.91
23-03-2023,18199.16,18812.37,10071.84,23223.27,5764.43,176.86
24-03-2023,18296.38,18579.64,10301.0,22999.74,5829.51,179.43
27-03-2023,18336.86,18350.69,10319.61,22991.37,5720.58,178.91
28-03-2023,18107.55,18353.31,10397.42,22957.52,5790.69,179.86
29-03-2023,17949.89,18234.2,10532.88,22917.82,5952.45,177.89
30-03-2023,18161.92,17923.82,10202.75,23036.35,5823.35,180.33
31-03-2023,18400.23,17800.22,10155.84,22535.89,5731.41,178.3
03-04-2023,18181.95,17839.97,10318.21,22456.97,5730.89,178.83
04-04-2023,17984.01,17869.4,10253.83,22842.25,5706.72,179.5
05-04-2023,17956.25,17808.91,10302.36,22750.76,5699.68,178.97
06-04-2023,18350.37,17791.35,10380.57,22599.34,5684.37,180.96
07-04-2023,18409.46,18129.74,10329.79,23040.67,5684.27,180.82
10-04-2023,18497.92,18098.9,10426.14,23019.03,5652.88,180.8
11-04-2023,18080.52,17991.05,10480.97,23326.96,5702.63,181.21
12-04-2023,18092.58,17946.28,10478.36,23478.34,5661.27,181.2
13-04-2023,18282.84,18094.95,10520.79,23265.71,5721.52,177.66
14-04-2023,18166.41,18156.35,10613.0,23162.63,5750.7,175.9
17-04-2023,18246.81,18359.98,10611.33,23518.95,5773.07,177.29
18-04-2023,18303.04,17978.24,10740.71,23670.28,5783.94,175.28
19-04-2023,18303.25,17926.31,10538.98,24181.35,5860.12,173.98
20-04-2023,18186.65,17975.05,10629.88,24156.6,5883.77,172.88
21-04-2023,18050.84,17891.94,10578.66,23816.75,5890.33,175.38
24-04-2023,17868.21,17812.26,10510.41,23564.86,5718.81,174.18
25-04-2023,17756.67,17998.16,10514.18,23783.07,5721.85,173.72
26-04-2023,18093.19,17935.45,10525.06,23673.47,5695.45,175.72
27-04-2023,18112.79,17764.02,10555.74,23928.02,5659.63,174.61
28-04-2023,18005.04,17728.41,10608.85,23947.85,5673.99,177.1
01-05-2023,18038.35,17873.87,10555.68,24081.26,5694.39,176.7
02-05-2023,18101.26,17609.97,10611.74,23775.12,5771.98,176.45
03-05-2023,17974.53,17750.82,10658.14,23787.47,5620.18,178.28
04-05-2023,17999.04,17661.0,10559.63,24099.08,5643.61,181.3
05-05-2023,18240.5,17707.27,10611.88,23752.85,5686.05,181.68
08-05-2023,18244.59,17636.79,10692.84,23642.47,5627.23,180.0
09-05-2023,18036.2,17814.14,10652.16,23631.61,5706.39,178.34
10-05-2023,17840.66,17850.95,10600.76,23882.0,5700.14,177.08
11-05-2023,17728.11,18005.68,10572.44,23982.44,5655.9,175.38
12-05-2023,17578.17,17883.55,10637.37,23645.89,5593.52,176.53
15-05-2023,17663.1,17993.59,10515.7,23647.21,5504.49,174.08
16-05-2023,17604.31,18048.6,10628.53,23557.32,5534.01,172.55
17-05-2023,17856.56,18191.84,10555.21,23468.33,5548.76,171.72
18-05-2023,17674.28,18253.54,10561.96,23343.88,5562.9,169.17
19-05-2023,17748.49,18296.38,10471.68,22925.34,5593.69,167.93
22-05-2023,17854.28,18464.46,10679.28,22511.18,5636.28,166.56
23-05-2023,17964.93,18512.73,10851.28,22616.46,5709.92,166.64
24-05-2023,17812.24,18960.76,10892.46,22536.75,5678.66,168.34
25-05-2023,17445.43,18709.93,10889.52,22068.27,5634.32,168.43
26-05-2023,17617.02,18900.93,10963.83,21709.67,5571.53,168.1
29-05-2023,17821.75,19041.36,10984.77,21263.71,5616.74,167.22
30-05-2023,17697.38,19193.37,10906.44,21319.95,5628.82,170.37
31-05-2023,17616.68,19352.45,10784.04,21362.5,5610.17,170.7
01-06-2023,17666.27,19593.7,10802.32,21176.3,5522.13,169.78
02-06-2023,17853.91,19713.78,10769.23,21060.23,5515.41,167.79
05-06-2023,17918.64,19791.56,10933.13,21239.38,5401.27,169.7
06-06-2023,17980.86,19761.52,10954.63,21299.52,5441.76,168.96
07-06-2023,18147.29,20308.59,10845.09,21168.7,5441.85,166.63
08-06-2023,18125.03,20511.65,10845.11,20902.57,5494.18,167.23
09-06-2023,18238.5,20652.54,10947.07,20907.76,5514.51,168.09
12-06-2023,18314.78,20634.35,10985.62,20603.38,5554.76,168.36
13-06-2023,18220.2,20309.62,11006.04,20376.41,5497.45,164.87
14-06-2023,18465.18,20033.83,11165.94,20664.34,5479.68,164.53
15-06-2023,18494.83,19894.69,11147.58,20503.36,5432.79,167.71
16-06-2023,18580.39,20026.96,11112.27,20376.81,5376.57,168.54
19-06-2023,18471.96,20182.68,11057.87,20539.35,5412.6,172.24
20-06-2023,18363.98,20108.69,11055.18,20783.07,5420.07,170.22
21-06-2023,18623.45,19883.52,11059.69,20635.54,5382.28,168.58
22-06-2023,18791.29,19877.01,11018.15,20881.29,5442.23,168.54
23-06-2023,18699.34,19727.45,11052.08,20583.95,5431.07,166.03
26-06-2023,18607.42,20076.34,11038.86,20859.93,5418.76,167.69
27-06-2023,18369.2,19933.18,11183.28,20838.24,5376.05,168.67
28-06-2023,18358.99,20096.73,11046.96,20799.22,5378.38,170.97
29-06-2023,18477.54,19901.14,11113.25,20229.51,5317.93,172.22
30-06-2023,18593.2,19758.1,10988.06,20395.45,5359.87,172.91
03-07-2023,18596.92,19616.03,11044.62,20216.42,5317.22,171.45
04-07-2023,18759.77,19732.49,10926.53,20010.97,5430.18,174.06
05-07-2023,18544.18,19870.25,10657.84,19871.19,5338.84,172.48
06-07-2023,18582.56,19974.62,10580.48,20102.13,5334.82,174.36
07-07-2023,18400.96,19562.06,10661.62,19817.73,5516.33,170.82
10-07-2023,18650.02,19888.71,10751.68,19918.42,5486.63,171.83
11-07-2023,18657.03,19575.16,10612.57,19819.67,5512.95,175.9
12-07-2023,18595.45,19431.18,10635.05,19913.49,5511.89,177.07
13-07-2023,18799.5,19189.51,10624.15,20159.09,5442.71,176.63
14-07-2023,18642.03,19437.22,10485.75,20304.08,5492.88,178.6
17-07-2023,18617.93,19361.61,10510.44,20630.93,5480.81,177.21
18-07-2023,18828.57,19172.9,10610.6,20702.2,5528.19,174.39
19-07-2023,18685.22,19064.91,10595.42,20701.9,5515.99,173.92
20-07-2023,18356.55,19190.39,10485.87,20843.75,5421.6,174.52
21-07-2023,18375.25,19199.03,10379.18,21127.11,5423.56,172.33
24-07-2023,18572.21,19020.19,10353.12,21360.69,5430.74,169.93
25-07-2023,18320.55,18864.9,10372.26,21399.92,5531.59,167.58
26-07-2023,18507.38,19070.65,10502.65,21139.06,5514.27,167.78
27-07-2023,18445.84,19126.92,10500.53,21410.16,5563.06,165.34
28-07-2023,18481.15,18888.5,10335.22,21405.82,5499.17,167.62
31-07-2023,18425.2,19179.15,10380.33,21378.62,5482.59,165.44
01-08-2023,18090.88,19124.05,10412.64,21563.56,5543.84,163.07
02-08-2023,18170.04,19052.09,10610.76,22055.93,5610.99,162.13
03-08-2023,17837.15,18868.28,10610.41,22189.09,5589.69,162.75
04-08-2023,17995.13,19099.63,10494.7,22205.97,5611.93,161.58
07-08-2023,18040.6,19320.89,10648.17,21598.74,5631.63,162.12
08-08-2023,18192.11,19472.71,10622.33,21562.86,5657.63,160.52
09-08-2023,18164.14,19472.81,10566.94,21305.66,5669.28,161.54
10-08-2023,18322.72,19542.48,10553.18,21352.85,5623.94,162.7
11-08-2023,17899.32,19450.35,10589.66,21211.83,5613.23,162.65
14-08-2023,17766.98,19291.04,10654.57,21373.06,5592.89,161.49
15-08-2023,17773.03,19069.88,10541.17,21217.66,5667.51,160.42
16-08-2023,17880.6,18836.5,10507.67,21375.36,5677.87,159.72
17-08-2023,17853.02,19185.71,10676.83,21286.43,5663.05,160.55
18-08-2023,18051.93,19601.21,10505.79,21313.64,5616.21,161.94
21-08-2023,18076.57,19744.44,10589.57,21500.38,5620.51,162.82
22-08-2023,17841.34,19482.56,10691.86,21496.15,5613.85,162.12
23-08-2023,17785.68,19469.8,10596.37,21588.04,5609.24,162.55
24-08-2023,17867.75,19103.08,10706.75,21392.43,5552.62,166.8
25-08-2023,17952.65,19241.72,10652.92,21290.91,5511.59,167.11
28-08-2023,17583.62,19202.26,10689.38,21531.39,5436.87,169.07
29-08-2023,17624.94,18925.58,10707.63,21670.05,5490.41,168.95
30-08-2023,17772.43,18813.36,10766.96,21706.74,5454.64,168.39
31-08-2023,18077.89,18721.98,10839.33,21745.88,5473.73,170.67
01-09-2023,18274.55,18648.74,10959.94,21747.75,5562.75,172.05
04-09-2023,18370.86,18937.39,11225.44,21924.43,5557.72,171.36
05-09-2023,18604.7,18719.88,11136.19,22132.93,5494.36,169.57
06-09-2023,18699.35,18835.49,11139.87,21979.73,5531.12,169.86
07-09-2023,18657.56,18691.61,11194.04,21961.0,5563.03,171.92
08-09-2023,18923.22,18920.04,11146.77,21740.03,5549.57,172.15
11-09-2023,19168.96,18920.85,11273.98,21778.67,5566.31,175.06
12-09-2023,19465.94,18703.28,11302.98,21787.57,5489.22,176.24
13-09-2023,19470.26,18896.75,11201.8,21937.01,5415.76,176.8
14-09-2023,19357.22,18813.38,11300.19,21314.29,5455.47,174.32
15-09-2023,19397.13,18491.11,11260.32,21358.77,5437.5,176.03
18-09-2023,18858.81,18660.78,11389.41,21458.82,5338.83,174.69
19-09-2023,18929.78,18559.09,11317.39,21689.9,5326.3,175.09
20-09-2023,18622.56,18470.65,11356.64,21664.52,5366.56,176.47
21-09-2023,19072.28,18453.86,11282.3,21858.54,5403.53,175.92
22-09-2023,19218.63,18260.05,11314.42,21844.53,5384.25,175.01
25-09-2023,19502.46,18168.52,11306.95,21818.83,5343.45,175.0
26-09-2023,19748.36,17891.41,11312.26,22167.86,5241.3,174.03
27-09-2023,19886.5,17509.73,11133.92,21973.09,5208.42,173.47
28-09-2023,19958.57,17331.93,11032.95,22012.47,5267.14,173.06
29-09-2023,20267.48,17318.77,11036.27,21884.57,5289.01,175.19
02-10-2023,20394.87,17175.19,11048.61,21723.55,5284.07,176.86
03-10-2023,20316.55,17281.75,11195.76,21750.07,5258.59,180.27
04-10-2023,19954.27,17342.36,11079.23,21800.34,5308.87,180.7
05-10-2023,20350.64,17608.73,11110.53,22305.07,5333.38,180.1
06-10-2023,20196.06,17707.77,11145.04,22384.99,5318.55,180.81
09-10-2023,20672.97,17768.17,11281.02,22647.84,5251.01,181.5
10-10-2023,20608.91,17573.12,11061.3,23003.11,5309.56,179.96
11-10-2023,20555.65,17640.18,11108.22,22998.13,5280.49,182.2
12-10-2023,20290.33,17448.45,11133.53,22995.43,5246.8,178.68
13-10-2023,20416.74,17245.44,11079.91,23192.28,5236.13,176.17
16-10-2023,20252.38,17541.7,11051.32,23125.33,5280.94,175.33
17-10-2023,20791.32,17596.97,11119.88,22876.36,5261.04,176.24
18-10-2023,20835.42,17523.79,11187.23,23106.99,5362.47,174.76
19-10-2023,21363.26,17840.09,11408.87,23042.82,5390.58,176.15
20-10-2023,21241.14,17622.13,11339.0,23187.13,5375.09,180.13
23-10-2023,21354.8,17735.89,11270.89,23278.95,5368.56,178.5
24-10-2023,21376.54,18063.29,11170.19,23022.1,5271.04,173.93
25-10-2023,21663.8,18247.12,11383.79,23049.96,5241.07,173.26
26-10-2023,21633.14,18368.8,11548.03,23456.78,5263.09,172.4
27-10-2023,21749.87,18222.06,11475.75,23646.65,5218.03,171.62
30-10-2023,21436.31,18184.09,11659.76,23818.6,5247.22,170.48
31-10-2023,21355.54,17807.4,11751.25,24006.13,5286.65,172.89
01-11-2023,21444.92,17584.03,11773.54,24311.79,5310.55,173.26
02-11-2023,21413.33,17800.11,11661.96,24050.28,5356.13,174.42
03-11-2023,21712.51,17543.46,11744.02,24173.44,5408.03,175.12
06-11-2023,21933.68,17362.54,11831.05,24144.98,5446.39,174.05
07-11-2023,21986.36,17451.25,11871.95,24210.0,5408.4,173.47
08-11-2023,21550.63,17427.96,11906.23,24226.83,5354.48,175.19
09-11-2023,21644.92,17451.63,11837.47,24035.48,5393.72,176.77
10-11-2023,21527.69,17159.97,11886.36,24564.39,5345.98,176.66
13-11-2023,21572.8,17163.38,12044.69,24316.52,5425.93,176.79
14-11-2023,21679.19,17196.66,12037.37,24203.82,5415.83,180.45
15-11-2023,21939.85,17192.8,12132.94,24374.88,5307.29,179.67
16-11-2023,21634.48,17205.25,12283.7,24529.52,5318.11,178.49
17-11-2023,21298.17,17300.3,12288.85,24587.19,5314.71,178.8
20-11-2023,21251.92,17334.09,12255.36,24916.83,5296.4,182.78
21-11-2023,21396.67,17099.88,12555.79,25397.99,5179.54,182.85
22-11-2023,20998.94,16885.36,12453.66,25551.55,5179.31,184.19
23-11-2023,21277.21,16642.84,12540.29,25776.26,5094.31,187.82
24-11-2023,21404.8,16654.94,12504.65,26347.19,5044.45,192.9
27-11-2023,20846.01,16521.95,12496.68,26607.99,5011.53,191.6
28-11-2023,20887.76,16351.41,12600.89,26142.33,4962.61,190.32
29-11-2023,20889.42,16347.38,12922.55,26193.57,4952.83,189.68
30-11-2023,21001.28,16086.02,12730.34,25500.52,4908.36,193.06
01-12-2023,20896.65,15852.43,12766.63,25834.5,4935.18,194.26
04-12-2023,21190.27,15818.03,12609.38,26002.27,4937.13,192.56
05-12-2023,20815.56,15982.34,12486.41,26111.37,4919.02,195.07
06-12-2023,20971.6,16061.45,12525.76,25712.45,4926.79,194.16
07-12-2023,21003.8,16031.25,12347.32,25709.44,4847.78,196.23
08-12-2023,21110.0,15929.97,12278.56,25129.6,4853.35,195.28
11-12-2023,21470.98,15951.34,12433.17,25120.73,4916.39,193.85
12-12-2023,21598.68,15895.35,12599.36,24927.51,4895.61,194.75
13-12-2023,21470.48,16046.69,12675.94,25559.39,4964.53,195.62
14-12-2023,21367.77,16164.42,12653.97,26046.53,4963.8,193.37
15-12-2023,21384.63,16221.26,12675.79,26292.39,4910.4,193.69
18-12-2023,21170.44,15756.0,12630.19,26072.17,4986.37,194.02
19-12-2023,21194.55,15796.13,12670.88,26534.01,4938.12,190.14
20-12-2023,21122.33,15772.13,12704.6,26986.57,4965.37,190.52
21-12-2023,21303.86,15678.19,12496.25,26775.95,4976.29,195.11
22-12-2023,21302.48,15810.17,12708.57,27053.92,5018.54,196.25
25-12-2023,21123.14,15954.26,12831.22,26406.01,5034.7,195.87
26-12-2023,20951.79,15995.53,12795.68,26865.7,5047.65,193.61
27-12-2023,21287.86,15808.03,13110.91,26949.1,5013.46,195.11
28-12-2023,21343.89,15646.78,13052.02,27378.94,5041.56,192.95
29-12-2023,21580.24,15755.43,12822.79,27707.2,5114.03,192.04
01-01-2024,21702.84,16081.86,12729.69,28135.9,5185.12,190.2
02-01-2024,21381.45,15995.74,12607.71,27948.66,5230.72,191.56
03-01-2024,21544.23,15953.24,12965.2,28428.01,5248.1,192.95
04-01-2024,21615.97,16002.85,13087.19,28432.32,5220.81,193.66
05-01-2024,21533.76,15966.93,12907.21,28565.94,5239.98,194.23
08-01-2024,21471.64,16029.32,12947.5,28418.89,5304.47,191.42
09-01-2024,21689.14,16094.39,13045.83,28339.29,5281.01,190.7
10-01-2024,21872.21,16138.15,12940.75,28343.62,5282.85,192.87
11-01-2024,21552.49,16149.49,13005.22,28000.72,5225.39,192.52
12-01-2024,21271.55,16077.13,12930.5,28226.63,5234.36,195.17
15-01-2024,21377.96,16281.15,12902.75,28690.48,5168.14,190.84
16-01-2024,21304.87,16551.79,13023.72,28530.34,5101.15,186.82
17-01-2024,21266.83,16444.55,13097.05,28828.01,5098.6,184.85
18-01-2024,21328.63,16658.39,13132.79,28819.91,5052.31,187.05
19-01-2024,21393.33,16630.28,13076.82,28858.63,4973.45,183.28
22-01-2024,21247.87,16763.66,12975.5,28847.11,4988.68,182.74
23-01-2024,20754.5,16853.09,13305.08,28498.24,5038.7,179.02
24-01-2024,20991.06,16499.5,13328.65,28522.11,5086.85,181.02
25-01-2024,20939.55,16400.58,13263.02,28450.41,5099.96,181.56
26-01-2024,20831.59,16489.53,13356.71,29151.24,5168.09,182.55
29-01-2024,20790.13,16200.88,13136.35,29380.5,5171.22,180.81
30-01-2024,20763.9,16119.66,13124.34,29107.98,5205.84,180.31
31-01-2024,20967.47,16083.14,13145.47,29079.98,5176.34,176.81
01-02-2024,21232.02,16208.36,13053.07,29317.35,5066.5,177.09
02-02-2024,21237.87,16396.91,13135.71,28975.37,5099.19,178.5
05-02-2024,21434.09,16333.64,13437.4,28969.72,5109.63,177.04
06-02-2024,21915.85,16135.52,13353.27,29422.18,5085.62,176.65
07-02-2024,21846.64,16281.83,13427.04,29621.88,5174.52,177.91
08-02-2024,21954.41,16368.64,13561.04,29323.61,5180.36,180.45
09-02-2024,21321.42,16384.0,13637.45,29201.95,5124.5,180.53
12-02-2024,21631.83,16327.41,13529.27,29288.28,5005.61,179.37
13-02-2024,21454.83,16508.82,13594.1,29445.5,4984.18,179.67
14-02-2024,21666.28,16645.27,13473.31,29231.74,5019.8,179.5
15-02-2024,21771.8,16692.53,13456.05,29470.8,4953.23,179.3
16-02-2024,21523.31,16665.71,13444.73,29492.23,4969.24,179.3
19-02-2024,21329.06,16567.6,13438.93,29362.01,4930.42,179.24
20-02-2024,21415.37,16721.55,13581.26,29273.37,4987.5,178.81
21-02-2024,21913.59,16716.29,13545.58,29141.48,4938.05,182.03
22-02-2024,22145.79,16914.63,13682.6,29435.57,5012.17,181.47
23-02-2024,21989.6,17013.61,13761.23,29576.45,5015.74,180.54
26-02-2024,22052.32,16912.37,13651.08,29686.68,4978.75,182.25
27-02-2024,21824.35,17059.36,13436.93,29396.7,5061.72,184.84
28-02-2024,21574.89,17078.88,13274.07,29614.43,5077.86,184.85
29-02-2024,21480.51,17211.9,13325.63,29201.29,5077.84,183.31
01-03-2024,21527.32,17216.38,13356.43,29376.03,5021.75,183.63
04-03-2024,21778.37,17368.51,13292.8,29457.19,4990.24,185.0
05-03-2024,21641.69,17121.14,13400.5,30029.69,5042.1,187.45
06-03-2024,21420.69,17309.18,13542.36,30232.72,4975.31,189.57
07-03-2024,21610.08,17308.78,13497.24,30543.96,4912.49,188.68
08-03-2024,22016.26,17156.4,13735.51,30444.05,4885.58,190.66
11-03-2024,22148.17,17512.5,13699.18,30280.7,4898.5,190.21
12-03-2024,22366.8,17628.97,13744.88,30965.8,4798.75,189.7
13-03-2024,22354.82,17822.73,13845.91,30730.63,4745.64,188.5
14-03-2024,22306.66,18084.4,13936.94,30417.71,4729.38,190.88
15-03-2024,22281.98,18286.84,13989.81,30625.11,4822.16,190.85
18-03-2024,22071.71,18182.05,13999.46,30642.61,4795.75,193.54
19-03-2024,22110.19,18309.4,13806.35,30211.32,4766.58,195.15
20-03-2024,21773.64,18122.29,13555.23,29578.42,4789.48,198.19
21-03-2024,21928.27,18187.69,13520.71,29688.34,4784.6,199.48
22-03-2024,21847.82,18284.0,13276.19,29078.32,4845.32,197.95
25-03-2024,22140.24,18392.23,13195.21,29106.13,4840.96,200.1
26-03-2024,21944.8,18555.97,13102.61,28727.69,4781.02,198.37
27-03-2024,21770.96,18486.75,13080.46,28563.06,4763.66,201.26
28-03-2024,21672.71,18419.76,13018.51,28807.0,4661.09,200.56
29-03-2024,21654.56,18166.92,12953.64,28617.51,4661.55,199.42
01-04-2024,21278.31,18329.01,12972.86,28667.62,4731.1,198.42
02-04-2024,21575.69,18359.71,12848.16,28670.92,4779.11,195.55
03-04-2024,21620.82,18591.08,13011.09,28488.39,4740.94,193.66
04-04-2024,21708.57,18476.01,13128.61,28092.96,4753.97,193.77
05-04-2024,21688.27,18589.36,13081.76,28468.18,4709.4,195.74
08-04-2024,21423.51,18583.71,12954.02,28235.32,4689.14,195.26
09-04-2024,21732.52,18604.06,13068.42,27931.17,4703.22,197.02
10-04-2024,21612.41,18667.57,13038.86,27920.11,4680.93,195.43
11-04-2024,21949.85,18624.98,13388.52,27992.76,4691.9,196.59
12-04-2024,21880.58,18885.41,13409.3,28144.52,4687.77,197.0
15-04-2024,21657.88,19304.41,13429.07,28048.37,4663.56,197.26
16-04-2024,21521.9,19133.03,13508.33,27747.78,4562.13,198.39
17-04-2024,21634.98,19127.7,13504.57,27735.39,4582.8,198.54
18-04-2024,21808.11,19243.94,13464.65,27798.72,4600.92,194.99
19-04-2024,21785.28,19129.91,13551.67,27489.81,4609.08,194.7
22-04-2024,21371.51,19345.01,13612.82,27265.35,4622.24,195.25
23-04-2024,21141.51,19203.47,13470.4,26754.82,4683.46,199.62
24-04-2024,21039.05,19059.42,13365.48,26951.93,4735.17,201.3
25-04-2024,21221.38,19232.96,13302.63,26540.27,4768.24,201.29
26-04-2024,21328.12,19206.46,13353.84,26679.69,4768.2,205.37
29-04-2024,21329.15,19015.14,13358.09,26572.93,4710.12,208.94
30-04-2024,21419.29,18884.98,13419.69,26853.34,4631.9,212.73
01-05-2024,21169.09,19104.45,13183.66,27095.89,4603.85,217.68
02-05-2024,21017.99,18941.78,13087.35,27251.18,4652.76,215.68
03-05-2024,21142.78,18925.19,12975.09,27301.52,4765.52,216.32
06-05-2024,20916.64,19075.27,13071.7,27185.55,4787.2,211.71
07-05-2024,20653.85,19041.23,13009.33,27168.09,4801.7,211.22
08-05-2024,20756.22,19013.75,13054.59,27042.1,4840.7,212.09
09-05-2024,20415.75,19079.86,13093.72,26790.12,4907.06,211.27
10-05-2024,20189.32,18825.44,13178.84,26844.91,4839.25,212.37
13-05-2024,20341.65,18798.91,13265.57,26464.65,4814.17,213.21
14-05-2024,20916.84,18932.64,13249.63,26206.51,4797.03,216.17
15-05-2024,21144.69,19188.6,13219.51,26142.99,4741.67,217.84
16-05-2024,21425.12,19151.92,13108.43,25822.8,4796.1,216.1
17-05-2024,21217.72,18864.5,13189.36,26580.46,4833.13,212.95
20-05-2024,21098.34,18476.2,13362.47,26446.19,4849.36,213.09
21-05-2024,21316.64,18480.9,13492.06,26503.29,4812.55,213.92
22-05-2024,21366.94,18433.61,13428.93,27017.59,4904.75,212.25
23-05-2024,21078.21,18489.18,13485.44,27217.98,4890.41,216.9
24-05-2024,21437.55,18796.09,13324.65,26642.28,4842.36,218.13
27-05-2024,21602.88,18723.36,13372.16,27010.71,4909.4,215.19
28-05-2024,21557.11,18498.38,12951.13,27089.22,4820.92,212.69
29-05-2024,21165.47,18694.94,13029.71,27789.07,4880.12,211.47
30-05-2024,21359.67,18700.98,13053.7,27598.96,4915.52,210.66
31-05-2024,21264.52,18684.1,13144.51,27280.25,4935.18,207.87
03-06-2024,21162.67,18585.96,13256.12,27396.09,4983.62,209.91
04-06-2024,21627.81,18290.3,13179.9,27016.99,5009.97,210.69
05-06-2024,21482.95,18365.21,13342.68,26595.39,5010.26,211.17
06-06-2024,21260.13,18194.74,13315.02,26677.82,5061.5,212.12
07-06-2024,21418.19,18381.22,13530.38,26715.56,4970.28,215.43
10-06-2024,21890.98,18373.02,13794.97,26905.37,5004.6,215.87
11-06-2024,21575.93,18406.41,14029.63,27110.85,5003.78,212.67
12-06-2024,21790.87,18426.83,14072.51,27032.45,5042.22,215.08
13-06-2024,21866.99,18701.5,14220.49,27142.84,5028.9,214.34
14-06-2024,21472.42,18522.42,14208.05,27241.19,5034.8,216.44
17-06-2024,21542.25,18407.66,14117.05,27389.24,4980.85,215.98
18-06-2024,21668.18,18243.4,14050.48,27399.31,4992.08,216.98
19-06-2024,21688.21,18232.39,14011.3,27725.26,4953.2,219.22
20-06-2024,21699.11,18208.19,14045.74,27501.54,5000.26,220.64
21-06-2024,21592.14,18303.7,13973.32,27245.05,5016.82,220.4
24-06-2024,21573.56,18501.81,14072.64,27473.56,4972.99,220.34
25-06-2024,21736.09,18712.26,14071.71,27149.23,5006.9,221.98
26-06-2024,21737.21,18808.6,13888.11,27396.39,5033.12,220.53
27-06-2024,22043.81,18525.35,13913.98,27755.46,5138.27,218.38
28-06-2024,22106.09,18509.66,13921.77,27800.37,5162.99,223.4
01-07-2024,22382.29,18242.65,13820.35,28023.84,5108.05,221.05
02-07-2024,22299.41,18402.08,13959.19,27787.14,5015.35,223.44
03-07-2024,22484.03,18436.05,13946.3,27795.09,5024.34,222.3
04-07-2024,22781.44,18072.35,14101.68,27580.65,4928.29,223.37
05-07-2024,22924.64,18035.95,14186.08,27073.2,4992.31,220.93
08-07-2024,23126.93,18053.3,14203.68,26636.0,5088.02,223.65
09-07-2024,22960.19,18323.11,14159.18,26544.24,5025.82,223.3
10-07-2024,22962.14,18189.35,14269.0,26967.67,5064.6,219.8
11-07-2024,22632.99,18238.05,14415.88,26914.61,5071.83,220.02
12-07-2024,22577.78,18326.63,14467.68,27194.68,5019.68,216.42
15-07-2024,22583.05,18254.34,14381.19,26965.62,5071.55,216.25
16-07-2024,23121.56,18215.05,14292.05,27230.1,5175.27,215.27
17-07-2024,23332.31,17992.29,14262.18,26941.09,5200.93,214.91
18-07-2024,23186.91,18186.44,14098.35,27511.89,5234.34,217.11
19-07-2024,23494.44,18352.83,13853.25,27075.61,5184.12,216.25
22-07-2024,23823.59,18100.16,13722.27,26924.8,5191.25,217.5
23-07-2024,23593.52,18394.71,13800.52,27003.83,5201.14,214.35
24-07-2024,23575.14,18416.81,13918.47,27224.6,5278.9,215.02
25-07-2024,23298.97,18641.32,14158.32,27399.14,5368.67,215.71
26-07-2024,23209.25,18549.87,13971.82,27358.06,5305.69,221.08
29-07-2024,23015.19,18760.49,13771.76,27250.18,5296.43,220.48
30-07-2024,23015.81,18946.67,14008.22,27332.81,5288.24,218.33
31-07-2024,22997.76,18686.21,13985.14,28004.34,5383.61,219.15
01-08-2024,23245.1,18586.77,13874.09,27786.87,5375.13,221.52
02-08-2024,22993.17,18707.79,14001.38,27861.53,5341.8,222.56
05-08-2024,23046.98,18852.77,14174.72,27545.27,5367.58,224.01
06-08-2024,23167.12,18956.21,14132.9,27266.91,5287.09,226.46
07-08-2024,23181.18,19033.82,14162.41,27232.41,5346.32,225.87
08-08-2024,23360.1,19023.69,13856.52,27078.77,5408.53,223.89
09-08-2024,23527.55,19097.41,13875.4,27139.64,5444.91,224.66
12-08-2024,23296.64,19318.76,14143.41,26790.71,5421.01,228.4
13-08-2024,23176.82,19425.13,14133.59,27172.96,5409.35,224.64
14-08-2024,23330.21,19654.11,14198.12,26970.8,5396.92,225.31
15-08-2024,23485.41,19818.79,14180.16,27121.27,5361.55,229.09
16-08-2024,23051.61,20196.87,13973.82,26997.49,5279.77,230.41
19-08-2024,23156.96,20084.57,13791.19,27265.52,5268.39,230.67
20-08-2024,22942.87,20238.45,13755.89,27353.12,5233.33,231.8
21-08-2024,22910.16,19893.08,13809.32,27537.51,5183.26,235.12
22-08-2024,22683.91,19998.01,14051.06,28090.26,5129.21,237.08
23-08-2024,22593.94,19819.62,14092.73,28383.3,5125.93,233.64
26-08-2024,22310.42,19977.19,14169.91,28540.51,5062.42,232.22
27-08-2024,22189.34,19739.42,14193.09,28343.36,5052.91,230.43
28-08-2024,21938.47,19506.67,14073.73,28443.35,5010.0,230.88
29-08-2024,22201.29,19522.95,13895.5,28305.03,5067.26,230.99
30-08-2024,22038.81,19425.37,14095.32,28603.86,5063.93,230.65
02-09-2024,22127.72,19306.7,14236.87,28635.8,5006.64,232.85
03-09-2024,21938.08,18966.06,14395.13,28918.37,4973.79,237.52
04-09-2024,22141.72,18567.77,14286.87,29309.72,5084.14,237.38
05-09-2024,22323.8,18478.52,14355.79,29220.02,5003.1,237.08
06-09-2024,22978.37,18409.1,14380.43,29357.43,4998.08,235.45
09-09-2024,23075.56,18515.06,14402.31,29195.61,4984.58,233.77
10-09-2024,23231.49,18574.74,14424.69,28920.01,4924.55,233.56
11-09-2024,22759.73,18669.99,14397.31,28693.64,4850.82,233.84
12-09-2024,22850.92,18946.03,14327.3,29104.44,4859.99,234.39
13-09-2024,23291.61,19058.01,14392.89,28960.01,4800.7,235.54
16-09-2024,23395.4,19024.04,14358.05,28582.81,4779.58,237.72
17-09-2024,23399.78,18792.7,14375.77,29218.33,4879.21,235.28
18-09-2024,23127.34,18686.46,14310.95,29141.85,4804.76,236.11
19-09-2024,22948.04,18696.35,14262.63,29010.65,4736.37,234.99
20-09-2024,22689.01,18474.44,14090.19,29080.96,4649.27,237.72
23-09-2024,22935.63,18850.17,13951.39,29061.53,4630.87,235.49
24-09-2024,22754.52,19086.28,14081.23,28880.12,4650.7,237.1
25-09-2024,22435.96,19044.41,14210.08,28125.28,4636.03,237.32
26-09-2024,22339.88,18932.95,14277.42,28141.97,4527.46,236.51
27-09-2024,21996.92,18961.57,14155.07,28282.86,4421.61,235.92
30-09-2024,21993.3,18646.54,14239.04,28516.0,4432.32,233.93
01-10-2024,21591.21,18514.58,14282.95,28956.07,4452.64,229.43
02-10-2024,21576.93,18558.73,14034.8,28851.65,4493.75,229.91
03-10-2024,21347.62,18668.87,14026.31,29218.37,4424.16,228.81
04-10-2024,20948.43,18507.63,14153.61,29528.51,4514.42,227.3
07-10-2024,21327.91,18722.86,14115.8,29598.93,4492.52,229.22
08-10-2024,21025.64,18585.99,14145.92,29656.2,4497.55,226.7
09-10-2024,20789.0,18513.13,13862.47,29924.29,4535.32,227.96
10-10-2024,20803.84,18465.45,13625.15,30170.15,4544.67,231.66
11-10-2024,20805.99,18436.65,13513.95,30330.12,4571.44,234.83
14-10-2024,21004.32,18363.23,13334.1,30646.07,4552.94,234.01
15-10-2024,20949.38,18727.45,13402.09,30904.64,4621.59,234.81
16-10-2024,20847.86,18487.96,13348.51,31009.56,4647.51,234.15
17-10-2024,20715.19,18440.22,13297.86,31384.67,4702.69,235.24
18-10-2024,20611.3,18482.92,13446.54,31434.55,4717.29,236.36
21-10-2024,20619.75,18579.05,13267.93,31298.15,4773.0,236.14
22-10-2024,20787.31,18493.09,13328.83,31032.98,4781.96,232.9
23-10-2024,21081.67,18644.35,13444.17,30895.72,4787.44,232.69
24-10-2024,20504.86,18508.86,13404.26,30956.48,4771.55,234.13
25-10-2024,20398.35,18700.82,13456.92,31030.1,4723.11,236.02
28-10-2024,20624.75,18908.26,13442.94,31121.98,4730.19,231.38
29-10-2024,20791.83,18854.73,13457.91,30832.1,4652.73,232.85
30-10-2024,20968.25,18827.18,13506.07,30469.43,4653.06,233.69
31-10-2024,21249.53,18851.89,13334.02,31044.59,4678.05,234.91
01-11-2024,21220.44,18599.67,13343.64,30927.89,4719.46,233.65
04-11-2024,21028.21,18637.35,13297.99,30814.22,4704.26,235.8
05-11-2024,20784.43,18629.62,13209.52,30605.93,4663.7,239.36
06-11-2024,20662.67,18656.28,13411.93,30703.09,4577.65,241.18
07-11-2024,20471.14,18303.45,13466.62,30680.38,4571.49,241.66
08-11-2024,20374.94,18365.4,13581.32,30622.96,4555.04,239.74
11-11-2024,20480.5,18581.75,13553.55,30782.01,4533.27,239.24
12-11-2024,20754.47,18480.27,13658.02,30629.71,4448.9,241.72
13-11-2024,21062.97,18407.48,13820.34,30344.55,4506.94,241.02
14-11-2024,20930.47,18229.07,14056.95,30352.16,4565.7,240.65
15-11-2024,20930.12,18035.56,14284.44,30225.96,4587.9,237.49
18-11-2024,20890.84,18097.84,14255.54,30068.18,4487.5,237.97
19-11-2024,20884.96,17905.59,14297.52,30449.0,4434.99,234.01
20-11-2024,20568.16,17866.82,14170.21,30795.93,4389.93,234.63
21-11-2024,20386.89,17806.98,14037.33,30951.43,4415.07,236.05
22-11-2024,20337.63,17494.91,13940.06,31514.9,4407.95,235.24
25-11-2024,20620.88,17512.25,13917.98,31677.86,4476.55,232.71
26-11-2024,20364.44,17409.55,13926.98,31851.48,4537.39,231.29
27-11-2024,20278.22,17621.41,13978.26,31774.22,4530.7,234.57
28-11-2024,20832.12,17916.71,13998.89,31907.32,4573.56,231.25
29-11-2024,20785.74,17809.03,14057.89,31548.2,4655.98,231.92
02-12-2024,20721.79,17791.48,14171.5,31113.57,4621.42,233.86
03-12-2024,20592.82,18000.88,14151.3,31073.0,4597.6,235.53
04-12-2024,20677.84,17959.63,14279.99,30698.47,4574.88,234.37
05-12-2024,20490.99,18003.73,14107.33,30426.5,4572.05,231.7
06-12-2024,20630.99,18270.29,14190.93,30385.83,4526.15,230.52
09-12-2024,20451.84,18500.92,14246.97,30345.59,4558.83,226.57
10-12-2024,20418.68,18907.05,14313.74,29781.34,4540.65,226.45
11-12-2024,20584.1,18593.77,14328.68,29655.22,4552.31,228.29
12-12-2024,20716.06,18668.64,13989.72,29338.32,4504.8,233.56
13-12-2024,20805.59,18602.74,14079.91,29128.54,4510.0,235.96
16-12-2024,20957.76,18982.43,14122.38,29172.81,4599.83,234.76
17-12-2024,21519.19,18951.99,14134.11,29269.52,4533.46,234.31
18-12-2024,21335.89,19080.04,14077.79,29274.51,4525.99,232.56
19-12-2024,21535.56,19314.11,13899.03,29196.97,4525.15,228.13
20-12-2024,21576.58,19413.95,13939.52,29120.13,4553.38,228.98
23-12-2024,21248.38,19599.69,13980.64,29463.61,4542.6,233.36
24-12-2024,21362.01,19842.04,13944.19,29708.26,4563.06,234.6
25-12-2024,21564.23,19788.2,13707.89,30094.93,4544.84,234.14
26-12-2024,21592.87,19770.75,13779.49,29396.41,4567.78,236.58
27-12-2024,21609.84,19916.55,13742.57,29176.87,4588.32,235.27
30-12-2024,21470.25,19914.5,13603.26,29366.56,4593.55,238.97
31-12-2024,21220.27,19981.5,13598.17,29687.52,4656.76,238.12
01-01-2025,21233.42,19886.92,13724.37,29896.09,4642.64,235.64
02-01-2025,21134.52,20214.0,13651.8,29759.52,4609.91,236.89
03-01-2025,20968.28,20382.29,13690.28,29817.14,4649.26,236.45
06-01-2025,21264.24,20358.52,13539.79,29786.09,4594.38,239.35
07-01-2025,21319.35,20243.38,13642.96,29837.99,4589.85,237.46
08-01-2025,21308.82,19933.37,13849.3,29409.75,4626.91,235.72
09-01-2025,21306.52,20122.0,14015.23,30027.86,4687.97,234.58
10-01-2025,21184.95,20236.07,14043.24,29977.96,4636.17,235.25
13-01-2025,21129.72,20471.4,14256.43,29620.11,4634.0,234.76
14-01-2025,21177.15,20413.13,14371.07,29481.21,4680.27,234.39
15-01-2025,21322.8,20180.67,14357.23,29664.98,4691.05,231.68
16-01-2025,21385.1,19621.77,14115.31,29624.62,4637.62,231.89
17-01-2025,21070.48,20021.86,14015.43,30008.16,4644.43,232.09
20-01-2025,21021.45,20220.13,14115.43,30006.01,4652.83,235.37
21-01-2025,21035.42,20219.16,13975.14,30055.2,4657.38,238.13
22-01-2025,21142.39,20341.84,14154.37,29761.42,4687.25,234.57
23-01-2025,20778.81,20230.24,14114.03,29242.51,4650.25,233.62
24-01-2025,20619.46,20441.9,14230.39,29182.74,4677.83,234.2
27-01-2025,20283.54,20690.09,14322.14,29044.98,4774.59,232.7
28-01-2025,20117.12,20868.97,14241.02,29187.81,4667.15,233.42
29-01-2025,20135.64,21069.55,14089.89,29397.54,4661.8,234.65
30-01-2025,20110.11,21027.93,14078.77,29382.13,4571.82,234.53
31-01-2025,19951.55,21034.45,14334.46,29746.68,4594.09,230.92
03-02-2025,19791.71,20942.26,14472.23,29906.38,4659.74,232.17
04-02-2025,19937.99,21024.61,14512.33,29426.02,4641.49,234.18
05-02-2025,20250.52,20952.32,14662.27,29278.74,4625.97,229.08
06-02-2025,20516.7,21030.94,14569.16,29807.31,4623.43,232.41
07-02-2025,20244.37,21292.09,14716.09,29796.06,4607.16,230.67
10-02-2025,20478.85,21155.98,14385.52,30163.3,4623.04,230.23
11-02-2025,20422.6,21679.09,14352.92,30069.47,4610.7,228.75
12-02-2025,20357.11,21757.62,14293.41,29534.07,4549.45,230.21
13-02-2025,20124.25,21859.77,14476.91,29708.41,4556.99,230.44
14-02-2025,20157.76,21854.33,14312.61,29674.29,4599.29,233.02
17-02-2025,20120.57,21970.05,14377.25,29720.89,4608.62,233.55
18-02-2025,20114.4,21975.3,14489.28,29491.13,4550.03,232.01
19-02-2025,20078.17,21991.1,14526.27,29323.2,4632.89,233.43
20-02-2025,20014.15,21918.05,14509.67,29535.17,4700.11,237.28
21-02-2025,20170.38,21744.06,14720.2,29493.63,4699.97,237.55
24-02-2025,20048.49,21736.94,14615.14,29836.01,4645.16,241.3
25-02-2025,20172.09,21786.42,14522.91,30381.65,4728.94,241.9
26-02-2025,19993.72,21663.91,14523.07,30163.83,4726.85,239.86
27-02-2025,19924.71,21748.61,14480.6,30026.14,4718.22,238.31
28-02-2025,19812.21,22272.57,14396.35,30147.42,4676.2,234.13
03-03-2025,19671.11,22266.23,14294.97,29657.27,4657.15,234.34
04-03-2025,19817.1,22256.01,14185.73,30005.59,4747.42,235.02
05-03-2025,20107.54,22424.31,14465.56,30060.3,4791.35,238.28
06-03-2025,20128.01,22596.16,14485.61,29875.45,4726.5,241.29
07-03-2025,20449.12,22570.33,14372.0,30055.57,4747.72,237.75
10-03-2025,20748.79,22439.19,14335.11,29862.99,4701.29,233.22
11-03-2025,20791.54,22193.02,14432.5,29869.95,4697.3,232.67
12-03-2025,20905.55,22225.82,14627.84,29638.43,4794.55,236.43
13-03-2025,21157.92,22182.93,14764.25,29818.77,4762.1,234.56
14-03-2025,21134.4,21826.31,14665.15,29703.8,4781.96,235.47
17-03-2025,20782.43,22160.81,14476.45,29227.25,4815.82,238.31
18-03-2025,20811.05,22279.31,14586.74,29249.44,4835.27,237.29
19-03-2025,20773.93,22451.19,14773.54,29199.61,4795.52,243.73
20-03-2025,20840.64,22068.59,14701.48,28546.84,4806.12,244.27
21-03-2025,20857.17,21991.83,14696.79,28735.04,4855.18,243.79
24-03-2025,20930.09,22165.39,14882.52,28591.74,4942.36,246.14
25-03-2025,20935.53,22162.64,14918.15,28308.5,4905.77,243.27
26-03-2025,21060.34,22127.69,14980.71,28580.04,4954.0,238.72
27-03-2025,21011.87,21838.42,14892.44,27984.88,4999.86,234.68
28-03-2025,20804.81,21648.81,15042.64,28027.07,4970.84,232.09
31-03-2025,20887.18,21283.23,14918.15,28531.85,5022.06,228.85
01-04-2025,21166.48,21290.78,15038.95,28658.98,5014.64,229.37
02-04-2025,21432.29,21650.43,15086.99,28430.69,5014.82,234.38
03-04-2025,21599.23,21830.17,15133.45,28670.15,5001.62,235.39
04-04-2025,21407.44,21556.82,14992.74,29040.64,4941.14,240.33
07-04-2025,21612.83,21778.99,14803.92,28905.56,4958.95,240.56
08-04-2025,21914.45,21699.31,14950.78,29221.6,4971.96,240.54
09-04-2025,21597.55,21766.62,15090.44,29036.55,4913.63,239.22
10-04-2025,21557.62,21906.77,15116.08,28815.26,4808.49,242.69
11-04-2025,21249.49,21854.33,15103.66,28283.79,4735.17,237.22
14-04-2025,21441.71,21793.59,15083.63,28291.39,4652.8,232.85
15-04-2025,21502.11,21735.61,14810.68,28341.66,4664.69,234.39
16-04-2025,21599.19,21822.81,14790.92,28611.71,4698.16,233.51
17-04-2025,21101.89,21679.3,14623.28,29402.78,4646.57,235.78
18-04-2025,20770.96,21340.74,14779.25,29231.97,4755.84,239.54
21-04-2025,20687.71,21028.03,14887.4,29167.42,4808.79,243.56
22-04-2025,20575.31,21143.53,14795.37,29482.92,4763.7,245.76
23-04-2025,20651.47,20842.14,14601.36,29441.26,4734.85,239.79
24-04-2025,20301.39,20573.05,14694.97,29410.16,4688.49,238.57
25-04-2025,20492.57,20881.37,14481.01,29221.92,4708.99,237.79
28-04-2025,20746.58,20653.07,14412.93,29284.42,4708.82,236.95
29-04-2025,20798.04,20791.84,14336.26,29250.37,4650.94,234.83
30-04-2025,20613.48,20804.34,14321.75,29582.65,4610.72,233.42
01-05-2025,20485.17,21387.89,14462.89,29329.88,4568.64,230.49
02-05-2025,20621.29,21769.68,14530.41,29279.94,4526.04,233.07
05-05-2025,20544.7,21953.14,14780.4,28994.01,4588.3,233.52
06-05-2025,20624.36,22173.47,14496.42,29203.19,4600.46,235.58
07-05-2025,20673.88,22070.08,14436.64,29109.22,4630.24,239.41
08-05-2025,20361.97,21865.12,14359.28,28540.98,4578.03,237.9
09-05-2025,20405.9,21934.81,14247.61,29129.57,4559.17,238.97
12-05-2025,20448.45,22039.94,14394.24,29116.44,4600.05,240.9
13-05-2025,20584.89,22098.42,14240.57,28867.26,4520.43,243.52
14-05-2025,20604.56,22351.48,14064.76,28885.0,4493.82,241.49
15-05-2025,20436.36,22986.29,14190.13,28717.75,4445.1,240.26
16-05-2025,20783.26,22836.12,14028.12,28399.4,4492.92,238.02
19-05-2025,21060.9,22880.12,14155.74,28802.0,4466.74,239.94
20-05-2025,21062.87,22959.93,14499.78,28800.59,4511.98,244.36
21-05-2025,20948.14,22766.08,14483.48,28541.15,4493.35,243.39
22-05-2025,20916.52,22555.58,14526.36,28424.44,4481.83,245.04
23-05-2025,20988.42,22824.75,14714.31,28329.12,4490.57,245.99
26-05-2025,20872.9,22617.9,14833.0,28668.7,4456.13,246.69
27-05-2025,20748.82,22498.85,14783.43,28896.3,4477.88,249.04
28-05-2025,20775.52,22198.89,14975.08,29170.15,4381.16,248.46
29-05-2025,20761.54,22340.09,15112.45,29327.9,4380.11,245.39
30-05-2025,21210.38,22701.73,15287.93,29786.49,4338.16,247.26
02-06-2025,21391.4,22286.69,15372.86,29566.68,4362.13,249.37
03-06-2025,21401.06,22522.52,15537.1,29291.55,4288.55,246.22
04-06-2025,21819.11,22276.56,15499.68,29331.4,4247.09,245.71
05-06-2025,21372.38,22545.21,15604.91,29782.53,4233.21,244.98
06-06-2025,21438.65,22455.05,15505.25,29224.88,4314.07,243.01
09-06-2025,21419.03,22370.71,15488.76,29006.66,4300.31,247.71
10-06-2025,21585.69,22102.04,15417.65,28662.08,4237.29,250.19
11-06-2025,21553.67,22403.93,15287.84,28992.28,4240.1,250.19
12-06-2025,21779.69,22476.15,15332.04,29198.45,4138.88,251.83
13-06-2025,21672.58,22229.66,15248.25,28984.57,4205.68,249.77
16-06-2025,21795.84,22364.96,15191.99,28803.98,4206.09,247.74
17-06-2025,21634.5,22603.31,15463.28,28819.89,4151.16,250.82
18-06-2025,21754.3,22854.25,15407.94,29128.39,4140.7,248.73
19-06-2025,21509.94,22859.74,15711.16,29355.05,4110.57,248.25
20-06-2025,21863.76,22980.74,15792.36,29311.76,4077.84,254.03
23-06-2025,21751.11,23311.18,15790.48,28897.68,4098.78,258.59
24-06-2025,21698.34,23211.05,15808.25,28556.8,4076.87,262.4
25-06-2025,21638.76,22905.27,15765.07,28535.18,4076.06,266.54
26-06-2025,22166.07,22967.64,15974.48,28603.31,4007.44,261.57
27-06-2025,22076.57,22734.68,15826.11,28141.27,4081.78,266.23
30-06-2025,22181.42,22549.58,15933.35,28233.24,4111.2,265.28
01-07-2025,21860.37,22490.22,15907.58,28264.88,4069.67,264.6
02-07-2025,21998.14,22491.15,16032.78,27846.12,4112.63,262.13
03-07-2025,22097.18,22526.8,15844.55,27548.6,4091.85,263.41
04-07-2025,22304.6,22705.6,15919.07,27782.95,4073.83,260.94
07-07-2025,22347.84,23158.4,15898.48,27832.22,4093.77,260.82
08-07-2025,22589.16,23006.41,16296.37,27742.73,4152.09,265.99
09-07-2025,22286.57,22999.0,16463.33,27959.39,4142.55,267.17
10-07-2025,21924.38,23075.84,16496.08,27956.58,4121.44,267.2
11-07-2025,21703.63,23227.3,16568.89,27955.74,4082.02,270.02
14-07-2025,21463.45,23002.76,17096.89,28018.58,4026.28,271.19
15-07-2025,21485.77,22859.48,17186.73,28061.82,3979.58,271.72
16-07-2025,21432.57,22840.61,17191.24,27976.12,3996.55,272.21
17-07-2025,21201.44,22957.35,17303.22,27287.46,3881.69,272.24
18-07-2025,21153.52,23117.77,17180.94,27355.22,3909.29,273.65
21-07-2025,20992.8,23112.98,17081.6,27398.09,3924.16,277.21
22-07-2025,20936.72,23341.58,17253.04,27378.2,3899.44,277.1
23-07-2025,21096.39,23369.27,17065.54,27418.9,3864.33,276.82
24-07-2025,21486.25,23667.76,17002.07,27472.07,3902.17,274.98
25-07-2025,22112.44,23314.69,17078.7,27410.46,3908.35,276.05
28-07-2025,22147.76,23047.37,17007.71,26917.65,3890.03,276.73
29-07-2025,22300.83,22879.42,17032.14,26804.93,3909.83,276.1
30-07-2025,22414.06,22859.98,17209.71,27147.4,3846.79,276.16
31-07-2025,22296.91,22975.07,17005.0,27006.46,3867.68,277.28
01-08-2025,22262.77,22776.8,17042.61,27251.56,3855.63,278.21
04-08-2025,22202.83,22598.77,16889.88,27394.46,3890.68,274.27
05-08-2025,22147.2,22631.12,16666.46,27488.18,3884.55,272.21
06-08-2025,22380.1,22637.71,16659.53,27678.91,3869.08,270.09
07-08-2025,22189.82,22147.69,16889.42,28059.49,3811.64,270.86
08-08-2025,21946.63,21759.47,16746.66,28184.97,3782.5,268.36
11-08-2025,22311.82,21793.79,16833.59,28387.88,3752.62,270.61
12-08-2025,22127.67,21821.42,16750.59,28433.65,3742.6,270.98
13-08-2025,22248.51,21685.2,16871.74,28346.12,3746.8,268.58
14-08-2025,22224.54,21853.47,16904.24,28342.24,3813.09,266.93
15-08-2025,22612.23,21983.53,17211.71,28118.25,3791.93,269.69
18-08-2025,22484.81,21935.65,17619.6,27546.85,3792.31,266.7
19-08-2025,22702.46,21807.06,17580.75,27906.06,3764.6,266.49
20-08-2025,22452.89,21439.51,17263.32,27333.47,3691.22,263.72
21-08-2025,22549.45,21248.37,17143.29,27399.34,3709.82,265.32
22-08-2025,22636.03,21492.95,17227.17,27254.82,3780.5,270.17
25-08-2025,22406.18,21572.28,17176.72,27508.39,3809.7,264.88
26-08-2025,22685.82,21684.48,17335.55,27825.55,3814.05,265.91
27-08-2025,22744.99,21722.97,17246.91,27800.27,3804.0,271.37
28-08-2025,22629.3,21759.86,17248.47,27961.71,3809.19,275.7
29-08-2025,22721.27,21981.93,17252.98,27407.22,3784.92,278.16
01-09-2025,22887.32,22199.36,17396.11,27429.26,3812.9,281.53
02-09-2025,23264.99,22560.94,17817.67,27068.7,3799.07,278.29
03-09-2025,23053.91,22817.04,17820.56,27376.86,3788.03,282.1
04-09-2025,23117.68,22876.66,17961.43,27372.66,3755.62,278.1
05-09-2025,23511.48,22850.48,17831.69,27333.23,3717.3,279.47
08-09-2025,23587.5,22976.35,17786.82,27766.21,3741.11,283.59
09-09-2025,23396.65,23269.82,17699.81,27788.99,3750.01,283.18
10-09-2025,23645.34,23392.61,17364.25,28285.88,3786.3,287.77
11-09-2025,23635.98,23348.53,17282.12,28303.51,3811.85,287.7
12-09-2025,23497.87,23545.4,17260.55,28418.55,3763.6,284.86
15-09-2025,23327.22,23530.79,17134.99,28419.6,3740.74,290.73
16-09-2025,23501.04,23486.22,17344.47,28533.03,3740.87,288.12
17-09-2025,23531.49,23462.41,17609.3,28108.46,3737.98,286.1
18-09-2025,23448.6,23279.27,17602.5,27734.44,3730.98,288.73
19-09-2025,23498.94,23348.06,17752.33,27943.22,3698.25,290.74
22-09-2025,23416.23,23608.74,17893.58,27809.03,3647.88,292.8
23-09-2025,23449.38,23853.28,17905.48,27699.76,3612.41,290.75
24-09-2025,23770.59,23829.92,18055.94,27439.16,3563.36,291.9
25-09-2025,23983.73,24468.37,17757.53,27205.84,3599.87,288.89
26-09-2025,24090.66,24527.15,17972.62,27564.83,3615.67,292.73
29-09-2025,24214.69,24392.57,17746.09,27371.22,3589.32,300.44
30-09-2025,24342.81,24226.48,17738.66,26842.16,3573.11,295.32
01-10-2025,24322.19,23835.71,17657.23,26643.35,3553.68,291.87
02-10-2025,24328.02,24152.69,17968.94,26172.44,3530.48,294.84
03-10-2025,24189.8,24343.46,18024.14,26255.83,3469.98,298.24
06-10-2025,24506.7,24269.13,18074.41,26194.55,3472.52,301.16
07-10-2025,24331.31,24435.6,18216.79,26467.15,3474.35,298.21
08-10-2025,24274.61,24489.76,18424.16,26631.28,3434.06,293.74
09-10-2025,24084.24,24354.26,18272.89,25868.71,3404.73,294.12
10-10-2025,24387.76,24681.77,18454.06,25928.83,3468.96,293.69
13-10-2025,24539.67,24637.87,18455.99,26137.06,3440.15,296.08
14-10-2025,24382.74,24706.29,18541.38,26327.95,3436.88,292.25
15-10-2025,24703.38,24757.29,18318.41,27047.54,3469.54,296.35
16-10-2025,24672.84,25177.85,18110.82,27124.72,3487.89,293.67
17-10-2025,24570.58,25169.24,17836.13,27238.05,3470.95,293.57
20-10-2025,24803.09,25351.16,17693.13,27153.58,3455.67,291.95
21-10-2025,24721.63,25249.28,17571.38,26786.87,3463.53,290.26
22-10-2025,24510.99,25052.58,17588.88,26432.0,3524.9,291.85
23-10-2025,24405.13,24737.13,17739.24,26306.4,3479.65,289.7
24-10-2025,24206.34,24810.59,17663.72,26511.76,3470.55,290.34
27-10-2025,23934.75,24776.76,17617.06,26517.86,3455.85,288.37
28-10-2025,23817.23,24499.41,17673.94,26446.55,3389.87,289.09
29-10-2025,23585.6,24310.86,18260.5,26603.04,3372.48,289.32
30-10-2025,23523.53,25054.23,18323.17,26757.03,3321.52,289.1
31-10-2025,23298.24,25316.91,18578.76,26491.51,3285.35,286.21
03-11-2025,23760.11,25153.8,18528.76,26651.92,3217.73,288.59
04-11-2025,23857.84,24867.71,18411.65,26474.85,3236.5,292.02
05-11-2025,23839.24,25079.38,18277.08,26488.36,3223.16,291.73
06-11-2025,23595.53,24651.57,18335.24,26432.11,3210.6,291.39
07-11-2025,23831.91,24121.96,18834.03,26197.88,3194.72,295.15
10-11-2025,24165.7,23710.71,18673.97,26264.33,3160.94,296.62
11-11-2025,24139.46,23275.19,18900.57,26475.53,3167.55,302.09
12-11-2025,24272.4,23064.13,18648.55,25869.68,3135.35,303.05
13-11-2025,24234.08,22983.04,18698.39,25941.91,3170.98,305.41
14-11-2025,24211.31,22933.09,18875.66,26007.75,3155.6,301.14
17-11-2025,24589.21,23200.31,18756.79,26063.85,3181.04,304.75
18-11-2025,24594.82,22863.98,18923.85,25785.68,3164.7,304.63
19-11-2025,24649.6,22894.21,19315.04,25833.64,3135.64,296.18
20-11-2025,24601.04,22947.02,19697.6,25280.17,3184.57,298.76
21-11-2025,24862.23,23044.88,19370.94,24880.66,3159.24,301.88
24-11-2025,24886.84,23047.22,19451.33,25075.72,3145.24,301.02
25-11-2025,24787.64,22945.24,19345.07,25339.18,3181.33,303.36
26-11-2025,24445.82,22879.14,19138.27,25330.22,3198.56,305.05
27-11-2025,24153.28,23234.12,18884.85,25337.04,3230.07,306.67
28-11-2025,24193.85,23256.51,18738.04,25643.57,3218.43,301.66
01-12-2025,24077.93,23253.62,18763.04,25803.76,3246.7,297.69
02-12-2025,23966.17,23056.36,18829.8,25677.55,3268.93,295.48
03-12-2025,24064.36,22947.13,19072.25,25701.99,3216.35,295.98
04-12-2025,23794.13,23199.08,19061.92,25725.61,3163.44,295.67
05-12-2025,23403.58,23302.54,19012.37,25735.91,3171.41,297.46
08-12-2025,23628.64,23253.19,18974.93,26026.6,3201.54,299.37
09-12-2025,23698.25,23584.63,18865.65,26284.65,3176.5,296.43
10-12-2025,24247.89,23862.57,18835.22,25767.98,3125.75,298.24
11-12-2025,24430.59,23917.96,18929.81,25022.43,3125.86,301.8
12-12-2025,24400.68,24166.47,19302.55,24920.71,3150.79,300.87
15-12-2025,24359.42,24317.73,19302.16,25462.14,3113.93,301.94
16-12-2025,24386.55,24733.91,19330.56,25437.42,3124.35,306.09
17-12-2025,24378.35,24589.8,19088.98,25358.11,3127.15,299.31
18-12-2025,24108.87,24639.27,18804.66,25506.93,3113.55,296.59
19-12-2025,24213.28,24678.31,18855.06,25568.86,3108.59,292.33
22-12-2025,23814.68,24125.09,18948.98,25477.61,3100.17,286.45
23-12-2025,23490.69,23830.76,18706.53,25416.61,3075.89,290.48
24-12-2025,23662.37,24318.84,18737.77,24898.31,3185.39,288.89
25-12-2025,23780.44,24511.72,18807.77,24602.74,3177.2,285.44
26-12-2025,23771.74,24200.88,18813.06,24592.31,3228.09,286.89
29-12-2025,23789.78,24045.28,18773.04,24304.19,3252.42,288.12
30-12-2025,23001.85,24234.83,18785.22,24752.02,3212.19,294.69
31-12-2025,23172.35,24357.16,18682.97,24014.74,3217.29,297.13
01-01-2026,23294.2,24361.11,18723.68,23875.94,3217.16,295.97
02-01-2026,23143.03,23919.1,18735.51,24107.52,3161.72,298.67
05-01-2026,23243.22,24096.13,18550.92,24069.91,3165.36,301.44
06-01-2026,23038.74,24140.76,18605.83,24421.77,3143.64,299.95
07-01-2026,23277.27,24225.99,18824.99,24451.37,3152.1,296.08
08-01-2026,22848.41,24084.33,18813.4,24427.18,3144.14,298.66
09-01-2026,22924.5,24174.31,18780.87,23967.95,3175.0,298.46
12-01-2026,22680.54,24676.23,19019.8,23994.8,3152.64,293.49
13-01-2026,22733.96,24427.11,19015.73,24050.75,3175.05,295.98
14-01-2026,22574.67,24726.73,19031.38,23871.46,3202.98,301.02
15-01-2026,22686.27,24763.12,19212.0,23523.87,3158.88,303.56
16-01-2026,22937.58,24557.51,19013.23,23358.63,3187.99,302.22
19-01-2026,22797.9,24372.18,19077.17,23096.13,3190.14,295.22
20-01-2026,22690.8,24312.78,19465.03,22653.22,3217.28,295.75
21-01-2026,22937.06,24700.61,19483.19,22467.85,3285.81,298.39
22-01-2026,22520.62,25108.23,19316.04,22570.46,3342.83,297.06
23-01-2026,22511.37,25291.02,19124.52,23020.52,3358.45,307.45
26-01-2026,22752.09,25634.22,19012.3,23141.6,3381.91,309.31
27-01-2026,22428.77,25688.49,18915.06,23119.95,3413.01,308.31
28-01-2026,22883.14,25923.45,18999.41,23212.3,3420.11,313.43
29-01-2026,22519.68,26159.89,18834.67,23173.65,3426.41,311.3
30-01-2026,22634.07,26776.56,18959.39,23133.67,3383.33,308.09
02-02-2026,22258.03,26743.56,19020.01,23063.79,3366.64,309.16
03-02-2026,22370.52,26829.72,19004.44,22931.52,3410.66,308.14
04-02-2026,22612.15,26748.37,19017.81,23009.75,3398.0,305.02
05-02-2026,22044.71,26647.42,19038.82,23171.47,3461.65,306.83
06-02-2026,22090.99,26613.78,19114.91,23357.84,3529.89,307.57
09-02-2026,21967.74,26536.85,18942.17,24025.91,3485.41,306.76
10-02-2026,21951.42,26601.36,18917.54,23932.26,3471.61,308.56
11-02-2026,22001.24,26618.33,18874.44,23863.32,3519.94,309.99
12-02-2026,22170.8,27069.61,19149.16,23791.45,3506.94,308.33
13-02-2026,22028.57,27325.61,19171.62,23782.55,3531.24,312.34
16-02-2026,22322.11,27672.77,19005.76,24061.61,3518.53,314.38
17-02-2026,22402.37,26957.6,18958.37,24393.03,3561.62,314.6
18-02-2026,22265.99,26879.73,19172.28,24679.69,3626.71,314.45
19-02-2026,22885.48,26717.5,19640.18,25121.67,3619.92,316.52
20-02-2026,22767.13,26770.98,19915.15,25119.94,3583.46,312.24
23-02-2026,22642.9,26834.91,20182.61,24995.3,3603.92,318.55
24-02-2026,22306.26,26989.38,20084.58,24772.34,3616.81,324.46
25-02-2026,22316.61,26815.1,19888.29,24848.87,3612.63,321.97
26-02-2026,22195.56,26955.19,19790.53,24774.49,3605.99,324.64
27-02-2026,22302.78,26945.58,19901.63,24849.05,3638.43,319.65
02-03-2026,22752.02,26915.03,19830.33,24776.92,3645.8,316.94
03-03-2026,22804.84,26989.63,20116.47,24591.14,3719.97,315.55
04-03-2026,22653.97,26879.64,20166.82,24700.19,3749.34,312.5
05-03-2026,22279.32,27013.85,20245.43,24823.05,3758.25,309.38
06-03-2026,22155.37,27153.2,20282.78,25110.1,3793.03,307.95
09-03-2026,22641.92,26792.28,20158.11,25148.95,3746.71,304.33
10-03-2026,22239.49,26998.13,19427.28,25262.24,3783.83,305.73
11-03-2026,22108.01,26672.18,19751.88,25370.32,3730.96,303.67
12-03-2026,22375.95,27017.28,19757.07,25795.03,3738.28,301.56
13-03-2026,22056.41,27587.64,19353.88,25785.09,3812.13,301.13
16-03-2026,22323.03,27826.83,19455.12,25828.76,3798.02,299.74
17-03-2026,22167.07,27710.54,19494.17,25630.72,3808.55,299.25
18-03-2026,22698.84,28279.6,19526.76,25188.76,3833.81,303.92
19-03-2026,22216.0,28458.34,19726.91,25289.89,3853.79,302.66
20-03-2026,22316.14,28466.43,19647.17,25233.75,3800.22,299.54
23-03-2026,22093.41,28599.9,19505.4,25527.56,3795.55,300.26
24-03-2026,21980.43,28761.93,19540.61,25880.78,3838.9,296.21
25-03-2026,22242.09,28647.18,19506.1,26318.14,3840.96,295.46
26-03-2026,22556.75,28168.9,19604.79,26077.87,3825.13,296.93
27-03-2026,22102.28,28747.57,19731.06,26292.17,3790.96,292.88
30-03-2026,22134.4,28565.5,19647.2,26695.57,3782.84,294.6
31-03-2026,22189.35,29054.51,19369.93,26538.4,3741.22,301.14
01-04-2026,21498.63,29222.4,19500.77,26605.99,3708.87,298.76
02-04-2026,21591.61,29253.16,19317.88,26651.97,3725.19,300.65
03-04-2026,21741.85,28880.92,19250.19,26277.91,3746.31,296.48
06-04-2026,21560.61,28743.09,19290.28,26142.99,3700.21,297.8
07-04-2026,21618.92,28202.75,19254.39,26233.33,3720.94,296.65
08-04-2026,22051.1,28238.34,19453.34,26126.74,3756.2,296.44
09-04-2026,22336.48,28136.22,19491.07,26041.23,3756.0,296.93
10-04-2026,21890.97,28506.24,19191.49,26371.16,3782.09,299.91
13-04-2026,21750.72,28449.99,19351.38,25978.68,3745.82,294.85
14-04-2026,21978.04,28396.96,19525.97,26177.67,3791.19,293.6
15-04-2026,21715.27,28473.55,19492.39,26424.97,3799.3,296.38
16-04-2026,21978.59,28071.36,19125.6,26077.97,3761.8,295.91
17-04-2026,21777.45,28262.22,19220.62,26072.52,3776.2,298.13
20-04-2026,21664.3,28475.67,18885.68,25984.6,3809.79,294.93
21-04-2026,21424.35,28306.31,18887.93,25957.4,3834.61,298.88
22-04-2026,21469.4,28574.66,18879.86,25813.64,3879.34,298.23
23-04-2026,21208.22,28827.44,19050.55,25959.63,3884.38,297.83
24-04-2026,21099.16,29180.82,18931.99,25587.48,3918.54,297.56
27-04-2026,21265.12,29209.88,19030.53,25420.31,3966.17,294.19
28-04-2026,20900.86,29034.76,18977.19,25694.9,3945.91,293.04
29-04-2026,20928.71,28664.86,19331.99,25592.36,3972.61,294.05
30-04-2026,20620.87,28686.38,19258.73,25694.96,4022.12,297.26
01-05-2026,20740.42,28534.31,19167.63,25891.67,3996.13,297.48
04-05-2026,20809.6,28165.11,19124.1,26003.98,3981.74,301.87
05-05-2026,20620.51,28560.35,19449.1,26297.57,4030.31,300.17
06-05-2026,20358.51,28634.36,19325.08,26246.24,3997.37,298.29
07-05-2026,20539.48,28465.41,19374.56,26078.57,3989.3,291.85
08-05-2026,20324.55,28647.43,19146.57,26080.7,3988.47,294.56
11-05-2026,20045.82,28656.61,19040.82,26532.97,4070.4,297.91
12-05-2026,20219.57,28594.53,19022.1,26447.39,4085.43,295.97
13-05-2026,20007.02,28455.54,18929.79,26131.51,4155.44,298.71
14-05-2026,20120.94,28379.08,18929.46,26415.4,4189.71,302.4
15-05-2026,20174.42,28755.69,18766.42,25953.73,4173.54,300.34
18-05-2026,20168.6,28902.47,18587.83,26255.68,4167.37,305.87
19-05-2026,20083.93,29297.18,18361.06,26272.1,4174.95,300.73
20-05-2026,20013.67,29606.01,18336.02,26766.93,4140.99,303.52
21-05-2026,20032.55,29341.76,18432.96,26817.29,4161.13,304.63
22-05-2026,20202.15,29724.77,18235.96,26612.85,4130.6,301.83
25-05-2026,19939.7,29740.71,18143.14,26831.92,4184.89,302.01
26-05-2026,20143.74,29758.22,18351.48,27260.85,4154.36,304.27
27-05-2026,20220.81,29672.99,18125.37,27305.02,4156.11,302.87
28-05-2026,20082.47,30392.51,18007.75,27513.91,4162.83,305.41
29-05-2026,19603.14,30909.61,17889.26,27272.38,4232.78,306.63
